<?xml version="1.0" encoding="UTF-8"?>
<metadata xml:lang="pt"><Esri><CreaDate>20231014</CreaDate><CreaTime>11582600</CreaTime><ArcGISFormat>1.0</ArcGISFormat><SyncOnce>TRUE</SyncOnce><DataProperties><lineage><Process ToolSource="c:\program files (x86)\arcgis\desktop10.3\ArcToolbox\Toolboxes\Data Management Tools.tbx\CalculateField" Date="20160114" Time="111845">CalculateField "Regiões Hidrográficas" RHI_CHEIA2015 "Não" VB #</Process><Process ToolSource="c:\program files (x86)\arcgis\desktop10.3\ArcToolbox\Toolboxes\Data Management Tools.tbx\CalculateField" Date="20160114" Time="111908">CalculateField "Regiões Hidrográficas" RHI_CHEIA2015 "Sim" VB #</Process><Process ToolSource="c:\program files (x86)\arcgis\desktop10.3\ArcToolbox\Toolboxes\Data Management Tools.tbx\CalculateField" Date="20160114" Time="135103">CalculateField "Regiões Hidrográficas" RHI_SECA2015 "Não" VB #</Process><Process ToolSource="c:\program files (x86)\arcgis\desktop10.3\ArcToolbox\Toolboxes\Data Management Tools.tbx\CalculateField" Date="20160114" Time="135125">CalculateField "Regiões Hidrográficas" RHI_SECA2015 "Sim" VB #</Process></lineage><itemProps><itemLocation><linkage Sync="TRUE">file://\\BTGATLDESK503\C$\Users\barbiejo\Desktop\ForestGIS_Geodatabase.gdb</linkage><protocol Sync="TRUE">Local Area Network</protocol></itemLocation></itemProps></DataProperties></Esri></metadata>
